BIP (Bitcoin Improvement Proposal)	bip-bitcoin-improvement-proposal
SegWit (Segregated Witness, BIP 141)	segwit-segregated-witness-bip-141
UTXO (Unspent Transaction Output)	utxo-unspent-transaction-output
Absolute Fee	absolute-fee
Absolute Locktime	absolute-locktime
Accelerator	accelerator
Adapter Signature	adapter-signature
Adaptive Block Filter	adaptive-block-filter
Address	address
Address Clustering	address-clustering
Address Derivation Path	address-derivation-path
Address Indexing	address-indexing
Address Reuse	address-reuse
Air-gapped	air-gapped
Airdrop (BTC Fork)	airdrop-btc-fork
Alt Season	alt-season
Altcoin	altcoin
AML (Anti-Money Laundering)	aml-anti-money-laundering
Anti-Sybil Mechanism	anti-sybil-mechanism
ANYPREVOUT	anyprevout
API (Application Programming Interface)	api-application-programming-interface
ASIC (Application-Specific Integrated Circuit)	asic-application-specific-integrated-circuit
ASIC Resistance	asic-resistance
ASICBoost	asicboost
Asmap	asmap
ASYLO	asylo
Atomic Multi-Path Payment (AMP)	atomic-multi-path-payment-amp
Atomic Swap	atomic-swap
Atomic Swap Refill	atomic-swap-refill
Audiobook Model (Lightning)	audiobook-model-lightning
Auto Unwrap (Sidechains)	auto-unwrap-sidechains
Autopilot (Lightning)	autopilot-lightning
Axolotl Ratchet	axolotl-ratchet
B32 Address	b32-address
Balanced Channel (Lightning)	balanced-channel-lightning
Batch Transaction	batch-transaction
Batching Optimizer	batching-optimizer
Bear Market	bear-market
BECH32m	bech32m
BIP 102 (2MB Block Size)	bip-102-2mb-block-size
BIP 113	bip-113
BIP 119 (CTV)	bip-119-ctv
BIP 125 (Replace-by-Fee)	bip-125-replace-fee
BIP 144 (SegWit Relay)	bip-144-segwit-relay
BIP 148 (UASF)	bip-148-uasf
BIP 152 (Compact Blocks)	bip-152-compact-blocks
BIP 155 (Addr v2)	bip-155-addr-v2
BIP 158	bip-158
BIP 159	bip-159
BIP 16 (P2SH)	bip-16-p2sh
BIP 170 (TxOut Proof)	bip-170-txout-proof
BIP 173 (Bech32)	bip-173-bech32
BIP 174 (PSBT)	bip-174-psbt
BIP 176 (Bits Denomination)	bip-176-bits-denomination
BIP 22 (getblocktemplate)	bip-22-getblocktemplate
BIP 30	bip-30
BIP 300 (Drivechains)	bip-300-drivechains
BIP 301	bip-301
BIP 31 (pong message)	bip-31-pong-message
BIP 34	bip-34
BIP 341 (Taproot)	bip-341-taproot
BIP 342 (Tapscript)	bip-342-tapscript
BIP 35 (mempool message)	bip-35-mempool-message
BIP 36 (merkle block request)	bip-36-merkle-block-request
BIP 37	bip-37
BIP 40 (Alerts Avoid Replay)	bip-40-alerts-avoid-replay
BIP 42	bip-42
BIP 44	bip-44
BIP 47 (Payment Codes)	bip-47-payment-codes
BIP 50	bip-50
BIP 61	bip-61
BIP 65 (OP_CHECKLOCKTIMEVERIFY)	bip-65-opchecklocktimeverify
BIP 66	bip-66
BIP 68 (Relative Locktime)	bip-68-relative-locktime
BIP 69	bip-69
BIP 70 (Payment Protocol)	bip-70-payment-protocol
BIP 75 (Payment Protocol Enhancements)	bip-75-payment-protocol-enhancements
BIP 85	bip-85
BIP 9 (VersionBits)	bip-9-versionbits
BIP 91	bip-91
Bitcoin ATM	bitcoin-atm
Bitcoin Bond	bitcoin-bond
Bitcoin Bridge	bitcoin-bridge
Bitcoin Cash	bitcoin-cash
Bitcoin Client	bitcoin-client
Bitcoin Core	bitcoin-core
Bitcoin Core RPC	bitcoin-core-rpc
Bitcoin Days Destroyed	bitcoin-days-destroyed
Bitcoin Dev Kit (BDK)	bitcoin-dev-kit-bdk
Bitcoin Dominance	bitcoin-dominance
Bitcoin Faucet	bitcoin-faucet
Bitcoin Inheritance Planning	bitcoin-inheritance-planning
Bitcoin Knots	bitcoin-knots
Bitcoin Pizza Day	bitcoin-pizza-day
Bitcoin Satellite	bitcoin-satellite
Bitcoin Script	bitcoin-script
Bitcoin Vault	bitcoin-vault
BitLicense	bitlicense
Block	block
Block Explorer	block-explorer
Block Header	block-header
Block Height	block-height
Block Propagation	block-propagation
Block Reward	block-reward
Block Size	block-size
Block Subsidy	block-subsidy
Block Time	block-time
Blockchain	blockchain
Bloom Filter	bloom-filter
BOLT	bolt
BOLT 11	bolt-11
Bounty	bounty
Bridge Node (Lightning)	bridge-node-lightning
Bull Market	bull-market
Burn Address	burn-address
Byzantine Fault Tolerance	byzantine-fault-tolerance
CBDC (Central Bank Digital Currency)	cbdc-central-bank-digital-currency
Centralized Exchange (CEX)	centralized-exchange-cex
Chain Analysis	chain-analysis
Chain Bulletin Board	chain-bulletin-board
Chain Flag Day	chain-flag-day
Chain Split	chain-split
Chain Visualization	chain-visualization
Chaincode	chaincode
CheckLockTimeVerify (CLTV)	checklocktimeverify-cltv
CheckSequenceVerify (CSV)	checksequenceverify-csv
CheckTemplateVerify (CTV)	checktemplateverify-ctv
Churn (Lightning)	churn-lightning
Clawback Mechanism	clawback-mechanism
Clearing Price	clearing-price
Coin Age	coin-age
Coin Control	coin-control
Coin Freeze	coin-freeze
Coin Plasma	coin-plasma
Coinbase (Transaction)	coinbase-transaction
CoinJoin	coinjoin
Colored Coins	colored-coins
Competitive Block Propagation	competitive-block-propagation
Competitive Mining	competitive-mining
Consensus Parameter	consensus-parameter
Consolidation Transaction	consolidation-transaction
Constant Time	constant-time
Core Lightning (c-lightning)	core-lightning-c-lightning
Corrupted Chain State	corrupted-chain-state
Counterparty Risk	counterparty-risk
Covariance Transaction	covariance-transaction
Covenants	covenants
CPU Mining	cpu-mining
Cuckoo Cycle	cuckoo-cycle
Custodial Lightning Wallet	custodial-lightning-wallet
Custodial Wallet	custodial-wallet
dApp (Decentralized Application)	dapp-decentralized-application
DCA (Dollar-Cost Averaging)	dca-dollar-cost-averaging
Decentralization	decentralization
Decentralized Exchange (DEX)	decentralized-exchange-dex
Dedicated IP (for Nodes)	dedicated-ip-nodes
Delayed Justice Transaction	delayed-justice-transaction
Delayed Payment Channel	delayed-payment-channel
Deployment Threshold (Soft Fork)	deployment-threshold-soft-fork
Deterministic Wallet	deterministic-wallet
Difficulty	difficulty
Difficulty Retargeting	difficulty-retargeting
Discard Threshold	discard-threshold
Disinflation	disinflation
Double Spend	double-spend
Double Spend Relay	double-spend-relay
Double-Blind Marketplace	double-blind-marketplace
DUKPT (Derived Unique Key Per Transaction)	dukpt-derived-unique-key-transaction
Dust	dust
Dust Attack	dust-attack
Dust Limit	dust-limit
Dust Sweeping	dust-sweeping
Dyson Sphere Mining	dyson-sphere-mining
Eavesdropping Attack	eavesdropping-attack
ECDSA (Elliptic Curve Digital Signature Algorithm)	ecdsa-elliptic-curve-digital-signature-algorithm
Eclipse Attack	eclipse-attack
Efficient Range Proof	efficient-range-proof
Elliptic Curve	elliptic-curve
Eltoo	eltoo
Energy FUD	energy-fud
Entropy Mixing Party	entropy-mixing-party
Escrow	escrow
Escrowed Lightning Channel	escrowed-lightning-channel
Estimated Confirmation Blocks	estimated-confirmation-blocks
EVM-on-Bitcoin	evm-bitcoin
Exchange	exchange
Exchange API Key	exchange-api-key
Fee Bumping	fee-bumping
Fee Estimation	fee-estimation
Fee Floor	fee-floor
Fee Rate Escalation	fee-rate-escalation
Fee Sniping	fee-sniping
Fiat	fiat
Fidelity Bond	fidelity-bond
FinCEN	fincen
Fork	fork
Fork Detection	fork-detection
Fork Watcher	fork-watcher
Fraud Proof	fraud-proof
Fraudulent Channel Close	fraudulent-channel-close
FUD (Fear, Uncertainty, Doubt)	fud-fear-uncertainty-doubt
Full Node	full-node
Full RBF	full-rbf
Full Validation	full-validation
Fungibility	fungibility
Futures	futures
Gadget UTXO	gadget-utxo
Garlium	garlium
Genesis Block	genesis-block
Genesis Keys	genesis-keys
Geographic Mining Distribution	geographic-mining-distribution
Golden Cross	golden-cross
Gossip Protocol (Lightning)	gossip-protocol-lightning
Graph Pruning	graph-pruning
Green Address	green-address
Greenlist	greenlist
Griefing Attack	griefing-attack
Grothendieck’s Proof	grothendiecks-proof
GUI Miner	gui-miner
GUI Wallet	gui-wallet
Gweek	gweek
GYFT Block	gyft-block
GZen (Generalized Zen)	gzen-generalized-zen
Hal Finney’s Running Bitcoin	hal-finneys-running-bitcoin
Halving (Halvening)	halving-halvening
Hardware Security Module (HSM)	hardware-security-module-hsm
Hardware Seed Vault	hardware-seed-vault
Hardware Wallet	hardware-wallet
Hash	hash
Hash Fever	hash-fever
Hash Locktime Contract (HLC)	hash-locktime-contract-hlc
Hash Puzzle	hash-puzzle
Hash Rate	hash-rate
Hash-Rate Derivative	hash-rate-derivative
Hashlet	hashlet
Hashpool	hashpool
HD Wallet (Hierarchical Deterministic Wallet)	hd-wallet-hierarchical-deterministic-wallet
HDM (Multi-Signature HD Wallet)	hdm-multi-signature-hd-wallet
Headless Node	headless-node
Hidden Miner	hidden-miner
Hidden Miner Tax	hidden-miner-tax
Hidden Service Node	hidden-service-node
Hierarchical Deterministic Wallet	hierarchical-deterministic-wallet
Hierarchical Multisig	hierarchical-multisig
HODL	hodl
HODL Waves	hodl-waves
HTLC (Hashed Time-Locked Contract)	htlc-hashed-time-locked-contract
HTLC Invoice	htlc-invoice
HTLC Preimage Manager	htlc-preimage-manager
Hybrid Mining	hybrid-mining
I2P (Invisible Internet Project)	i2p-invisible-internet-project
Ice Lake Attack	ice-lake-attack
Iceberg Order	iceberg-order
Inactive Channel	inactive-channel
Incentive Compatibility	incentive-compatibility
Incremental Batching	incremental-batching
Inflation	inflation
Inflation Bug	inflation-bug
Inheritance Seed Backup	inheritance-seed-backup
Input (Transaction Input)	input-transaction-input
InstantSend	instantsend
Interactive Multi-Sig	interactive-multi-sig
Invalid Block Punishment	invalid-block-punishment
Inverted TX Index	inverted-tx-index
IP-to-IP Transaction	ip-ip-transaction
IPFS-Bitcoin Bridge	ipfs-bitcoin-bridge
IRQ Priority (Mining Rigs)	irq-priority-mining-rigs
Issuer Script	issuer-script
Iterative Payment Splitting	iterative-payment-splitting
Jammed HTLC Detector	jammed-htlc-detector
Jamming Attack (LN)	jamming-attack-ln
Joel Test (Bitcoin)	joel-test-bitcoin
JSON-RPC over Tor	json-rpc-over-tor
K-of-K Multisig	k-k-multisig
Key Aggregation	key-aggregation
Key Generation Ceremony	key-generation-ceremony
Key Pool	key-pool
Key Rotation	key-rotation
Key Split	key-split
Key Wiping	key-wiping
Kickstart Mining	kickstart-mining
KYC (Know Your Customer)	kyc-know-your-customer
Kycpal	kycpal
Latency Mining	latency-mining
Layer 1	layer-1
Layer 3	layer-3
Lightning Anchor Commitment	lightning-anchor-commitment
Lightning Backup Script	lightning-backup-script
Lightning Channel	lightning-channel
Lightning Channel Capacity	lightning-channel-capacity
Lightning Channel Splicing	lightning-channel-splicing
Lightning Gossip Pruning	lightning-gossip-pruning
Lightning Invoice	lightning-invoice
Lightning Network	lightning-network
Lightning Network Daemon (lnd)	lightning-network-daemon-lnd
Lightning Network Penalty	lightning-network-penalty
Lightning Node	lightning-node
Lightning Node Alias	lightning-node-alias
Lightning Payment	lightning-payment
Lightning Probe	lightning-probe
Lightning Refund Invoice	lightning-refund-invoice
Lightning Routing	lightning-routing
Lightning Sphinx	lightning-sphinx
Liquid Federation	liquid-federation
Liquid Network	liquid-network
Liquidity	liquidity
Liquidity Ads	liquidity-ads
Locked Memory	locked-memory
Locked-In Period (Soft Fork)	locked-period-soft-fork
Locktime	locktime
Lockup Period (Lightning)	lockup-period-lightning
Longest Chain Rule	longest-chain-rule
Loop In/Out	loop-inout
Lotus	lotus
Low R Signatures	low-r-signatures
Low-S Signatures	low-s-signatures
Lucas Number	lucas-number
Lurking Wife Mode	lurking-wife-mode
M-of-n	m-n
Mainnet	mainnet
Mainnet2	mainnet2
Manager Node	manager-node
Market Capitalization	market-capitalization
Market Depth	market-depth
Mempool	mempool
Merchant Adoption	merchant-adoption
Merged Mining	merged-mining
Merkle Block	merkle-block
Merkle Inclusion Proof	merkle-inclusion-proof
Merkle Proof	merkle-proof
Merkle Root	merkle-root
Merkle Tree / Merkle Root	merkle-tree-merkle-root
Merkleized Abstract Syntax Tree (MAST)	merkleized-abstract-syntax-tree-mast
Micropayment	micropayment
Miner	miner
Miner Capitulation	miner-capitulation
Miner Extractable Value (MEV)	miner-extractable-value-mev
Miner Orphan Rate	miner-orphan-rate
Mining	mining
Mining Algorithm	mining-algorithm
Mining Centralization	mining-centralization
Mining Colocation	mining-colocation
Mining Front-End	mining-front-end
Mining Pool	mining-pool
Mining Rig	mining-rig
Mining Software	mining-software
Mining Subsidy	mining-subsidy
Minsky Moment	minsky-moment
Mixing Service	mixing-service
Mnemonic (Seed) Phrase	mnemonic-seed-phrase
Mnemonic Entropy Bits	mnemonic-entropy-bits
Mnemonic Password	mnemonic-password
Module Signing	module-signing
Mono-Signature	mono-signature
MTP (Median Time Past)	mtp-median-time-past
MuSig	musig
MuSig2	musig2
MUtxo	mutxo
Namecoin	namecoin
Native SegWit	native-segwit
Negligible Output Attack	negligible-output-attack
Neutrino	neutrino
nLocktime	nlocktime
Node	node
Node Autoban	node-autoban
Node Headcount	node-headcount
Node Operator	node-operator
Node Synchronization	node-synchronization
Node Uptime	node-uptime
Nonce	nonce
Nonce Exhaustion	nonce-exhaustion
nSequence	nsequence
Off-Chain	chain
One-Way Peg	one-way-peg
Onion Routing (Lightning)	onion-routing-lightning
OP Code (Operation Code)	op-code-operation-code
OP_RETURN	opreturn
OP_RETURN-based Tokens	opreturn-based-tokens
Oracle-based Betting	oracle-based-betting
Ordered Commitment	ordered-commitment
Orphan Block	orphan-block
Output (Transaction Output)	output-transaction-output
Output Descriptor	output-descriptor
P2PK (Pay to Public Key)	p2pk-pay-public-key
P2PKH (Pay to Public Key Hash)	p2pkh-pay-public-key-hash
P2SH (Pay to Script Hash)	p2sh-pay-script-hash
P2WPKH (Pay to Witness Public Key Hash)	p2wpkh-pay-witness-public-key-hash
P2WSH (Pay to Witness Script Hash)	p2wsh-pay-witness-script-hash
Paper Code Check	paper-code-check
Paper Hands	paper-hands
Paper Wallet	paper-wallet
Partial Preimage Attack	partial-preimage-attack
Partial Signature	partial-signature
Partially Signed Bitcoin Transaction (PSBT)	partially-signed-bitcoin-transaction-psbt
Pay-to-IP	pay-ip
PayJoin	payjoin
Payment Channel	payment-channel
Payment Codes (BIP 47)	payment-codes-bip-47
Payment Point	payment-point
Payment State Machine	payment-state-machine
Peer Bookmark	peer-bookmark
Peer Discovery	peer-discovery
Peer Management	peer-management
Peg-Guard	peg-guard
Peg-in	peg
Peg-out	peg-out
Penalty Transaction	penalty-transaction
Phoenix (Wallet)	phoenix-wallet
Phone Mining	phone-mining
Poelstra’s Proof	poelstras-proof
Poisson Process	poisson-process
Pool Hopping	pool-hopping
Pooled Mining	pooled-mining
Pooled UTXO Model	pooled-utxo-model
Pop Mining	pop-mining
Price Discovery	price-discovery
Price Floor (BTC)	price-floor-btc
Price Slippage	price-slippage
Private Key	private-key
Proof of Keys	proof-keys
Proof-of-Work (PoW)	proof-work-pow
Proprietary Mining Firmware	proprietary-mining-firmware
Pruning Mode	pruning-mode
PSBT	psbt
Public Key	public-key
Push Transaction	push-transaction
qTes	qtes
Quorum Signatures	quorum-signatures
Race Attack	race-attack
Reorg (Reorganization)	reorg-reorganization
Replace-by-Fee (RBF)	replace-fee-rbf
Replay Attack	replay-attack
Rescue Transaction	rescue-transaction
Resource Exhaustion Attack	resource-exhaustion-attack
Retail Mining	retail-mining
Revenue per TH/s	revenue-ths
Reverse Engineering	reverse-engineering
Reward Era	reward-era
Ring Verification	ring-verification
Routing Node	routing-node
RPC Whitelist	rpc-whitelist
Rug Pull	rug-pull
Safe Mode (Bitcoin Core)	safe-mode-bitcoin-core
Satoshi (Unit)	satoshi-unit
Satoshi Nakamoto	satoshi-nakamoto
Schnorr Signature	schnorr-signature
Script	script
Scriptless Scripts	scriptless-scripts
Second Layer	second-layer
Security	security
Seed Entropy Mixer	seed-entropy-mixer
Seed Phrase	seed-phrase
Seed Tool	seed-tool
Shielded CoinJoin	shielded-coinjoin
Sibling Transaction	sibling-transaction
Sidechain	sidechain
SIGHASH	sighash
SIGHASH_ANYONECANPAY	sighashanyonecanpay
SIGHASH_SINGLE	sighashsingle
Signature Aggregation	signature-aggregation
Signature Clipping	signature-clipping
Signet	signet
Silent Payments	silent-payments
Soft Fork	soft-fork
SPV (Simplified Payment Verification)	spv-simplified-payment-verification
Stale Block	stale-block
State Channel	state-channel
Static Channel Backup (SCB)	static-channel-backup-scb
Stealth Address	stealth-address
Submarine Swap	submarine-swap
Taproot	taproot
Testnet	testnet
Time-Locked Contract	time-locked-contract
Tor Hidden Service	tor-hidden-service
Transaction	transaction
Transaction Chaining	transaction-chaining
Transaction Fee	transaction-fee
Transaction Finality	transaction-finality
Transaction Index (txindex)	transaction-index-txindex
Vanity Address	vanity-address
Volatility	volatility
Wallet	wallet
Wallet Import Format (WIF)	wallet-import-format-wif
Watch-Only Wallet	watch-only-wallet
Whitepaper	whitepaper
Wumbo Channels (Lightning)	wumbo-channels-lightning
Xpub (Extended Public Key)	xpub-extended-public-key
ZKCP (Zero-Knowledge Contingent Payment)	zkcp-zero-knowledge-contingent-payment
