bip-bitcoin-improvement-proposal	bip-9-versionbits,bip-16-p2sh,bip-22-getblocktemplate,bip-65-opchecklocktimeverify,bip-68-relative-locktime,segwit-segregated-witness-bip-141,bip-173-bech32,bip-174-psbt,bip-341-taproot,bip-342-tapscript,bolt-11
segwit-segregated-witness-bip-141	bech32m,bip-bitcoin-improvement-proposal,bip-9-versionbits,bip-16-p2sh,bip-91,bip-144-segwit-relay,bip-148-uasf,bip-341-taproot,bip-342-tapscript,native-segwit,p2wpkh-pay-witness-public-key-hash,p2wsh-pay-witness-script-hash,taproot
utxo-unspent-transaction-output	absolute-fee,coin-age,coin-control,coin-plasma,coinbase-transaction,consolidation-transaction,gadget-utxo,gadget-utxo,mutxo,p2wpkh-pay-witness-public-key-hash,p2wsh-pay-witness-script-hash,p2pkh-pay-public-key-hash,p2pk-pay-public-key,transaction,transaction-index-txindex,vanity-address
absolute-fee	
absolute-locktime	bip-65-opchecklocktimeverify,bip-68-relative-locktime,checklocktimeverify-cltv,checksequenceverify-csv,locktime,nlocktime,nsequence,time-locked-contract
accelerator	fee-bumping,fee-estimation,fee-rate-escalation,fee-sniping,replace-fee-rbf,transaction,transaction-fee
adapter-signature	bitcoin-script,ecdsa-elliptic-curve-digital-signature-algorithm,merkleized-abstract-syntax-tree-mast,scriptless-scripts,schnorr-signature,signature-aggregation,signature-clipping
adaptive-block-filter	bip-158,bloom-filter,merkle-block,merkle-inclusion-proof,merged-mining,merkle-proof,merkle-root
address	b32-address,bech32m,bip-173-bech32,bitcoin-script,p2pk-pay-public-key,p2pkh-pay-public-key-hash,p2sh-pay-script-hash,p2wpkh-pay-witness-public-key-hash,p2wsh-pay-witness-script-hash,price-discovery,silent-payments,stealth-address,vanity-address
address-clustering	address,address-indexing,address-reuse,chain-analysis,coin-control,coinjoin,fungibility
address-derivation-path	address,address-indexing,chaincode,hd-wallet-hierarchical-deterministic-wallet,hierarchical-deterministic-wallet,seed-entropy-mixer,seed-phrase,seed-tool
address-indexing	address,address-clustering,address-derivation-path,address-reuse,transaction-index-txindex
address-reuse	address,address-clustering,address-indexing,chain-analysis,dust,dust-attack,fungibility,security
air-gapped	hardware-seed-vault,hardware-security-module-hsm,hardware-wallet,paper-wallet,security
airdrop-btc-fork	bitcoin-cash,fork,fork-detection,fork-watcher
alt-season	altcoin,bitcoin-dominance,bull-market,fork,market-capitalization
altcoin	alt-season,bitcoin-cash,bitcoin-dominance,fork,namecoin
aml-anti-money-laundering	bitlicense,fincen,kyc-know-your-customer
anti-sybil-mechanism	byzantine-fault-tolerance,decentralization,proof-work-pow
anyprevout	eltoo,payment-channel,sighash,sighashanyonecanpay,sighashsingle
api-application-programming-interface	bitcoin-core-rpc,exchange-api-key,rpc-whitelist
asic-application-specific-integrated-circuit	asic-resistance,asicboost,cpu-mining,hash-rate,miner,mining-algorithm,mining-rig,mining-software
asic-resistance	asic-application-specific-integrated-circuit,asicboost,cpu-mining,mining-algorithm,mining-centralization
asicboost	asic-application-specific-integrated-circuit,asic-resistance,mining-algorithm,mining-software
asmap	node,node-autoban,node-headcount,node-operator,node-synchronization
asylo	
atomic-multi-path-payment-amp	atomic-swap,atomic-swap-refill,audiobook-model-lightning,autopilot-lightning,core-lightning-c-lightning,lightning-anchor-commitment,lightning-channel-capacity,lightning-network,lightning-node,lightning-payment,lightning-routing
atomic-swap	atomic-multi-path-payment-amp,atomic-swap-refill,htlc-hashed-time-locked-contract,payjoin,submarine-swap
atomic-swap-refill	atomic-multi-path-payment-amp,atomic-swap,htlc-hashed-time-locked-contract,submarine-swap
audiobook-model-lightning	atomic-multi-path-payment-amp,autopilot-lightning,core-lightning-c-lightning,lightning-network,lightning-network-daemon-lnd,lightning-payment,lightning-routing
auto-unwrap-sidechains	liquid-network,one-way-peg,peg-guard,peg,peg-out,sidechain
autopilot-lightning	atomic-multi-path-payment-amp,audiobook-model-lightning,core-lightning-c-lightning,gossip-protocol-lightning,lightning-channel,lightning-channel-capacity,lightning-network,lightning-node,lightning-node-alias,lightning-routing
axolotl-ratchet	onion-routing-lightning,security
b32-address	address,bech32m,bip-173-bech32,p2pk-pay-public-key,p2pkh-pay-public-key-hash,p2sh-pay-script-hash,p2wpkh-pay-witness-public-key-hash,p2wsh-pay-witness-script-hash,silent-payments,stealth-address,vanity-address
balanced-channel-lightning	lightning-channel,lightning-channel-capacity,lightning-network,lightning-node,lightning-routing,liquidity,liquidity-ads,lockup-period-lightning,locked-period-soft-fork
batch-transaction	batching-optimizer,consolidation-transaction,incremental-batching,transaction,transaction-chaining,transaction-fee
batching-optimizer	batch-transaction,consolidation-transaction,incremental-batching,transaction,transaction-chaining,transaction-fee
bear-market	bull-market,market-capitalization,market-depth,merchant-adoption,price-discovery,price-floor-btc,price-slippage
bech32m	address,b32-address,segwit-segregated-witness-bip-141,bip-173-bech32,native-segwit,p2wpkh-pay-witness-public-key-hash,p2wsh-pay-witness-script-hash
bip-102-2mb-block-size	bip-bitcoin-improvement-proposal,bitcoin-core,block,block-size,fork,soft-fork
bip-113	bip-bitcoin-improvement-proposal,bip-65-opchecklocktimeverify,bip-68-relative-locktime,bitcoin-script,checklocktimeverify-cltv,checksequenceverify-csv,locktime,mtp-median-time-past,time-locked-contract
bip-119-ctv	bip-bitcoin-improvement-proposal,bip-9-versionbits,bitcoin-script,checklocktimeverify-cltv,checksequenceverify-csv,checktemplateverify-ctv,covenants,deployment-threshold-soft-fork,locked-period-soft-fork,soft-fork
bip-125-replace-fee	absolute-fee,accelerator,bip-bitcoin-improvement-proposal,bip-9-versionbits,fee-bumping,fee-estimation,fee-floor,fee-rate-escalation,fee-sniping,replace-fee-rbf,transaction,transaction-fee
bip-144-segwit-relay	bip-bitcoin-improvement-proposal,bip-9-versionbits,bip-91,segwit-segregated-witness-bip-141,bip-148-uasf,bip-341-taproot,bip-342-tapscript,native-segwit,p2wpkh-pay-witness-public-key-hash,p2wsh-pay-witness-script-hash,taproot
bip-148-uasf	bip-bitcoin-improvement-proposal,bip-9-versionbits,bip-91,segwit-segregated-witness-bip-141,bip-144-segwit-relay,bitcoin-core,deployment-threshold-soft-fork,locked-period-soft-fork,soft-fork
bip-152-compact-blocks	bip-bitcoin-improvement-proposal,bitcoin-core,block,block-header,block-height,block-propagation,block-time,blockchain
bip-155-addr-v2	address,bip-bitcoin-improvement-proposal,bitcoin-core,node,peer-bookmark,peer-discovery,peer-management
bip-158	adaptive-block-filter,bip-bitcoin-improvement-proposal,bip-37,bitcoin-core,bloom-filter,merkle-block,merkle-proof,merkle-root,spv-simplified-payment-verification
bip-159	bip-bitcoin-improvement-proposal,bitcoin-core,deployment-threshold-soft-fork,locked-period-soft-fork,node,node-autoban,node-synchronization,soft-fork
bip-16-p2sh	bip-bitcoin-improvement-proposal,segwit-segregated-witness-bip-141,bip-173-bech32,bip-341-taproot,bip-342-tapscript,bitcoin-script,p2sh-pay-script-hash,script
bip-170-txout-proof	bip-bitcoin-improvement-proposal,bitcoin-core,merkle-block,merkle-inclusion-proof,merkle-proof,transaction,transaction-index-txindex,utxo-unspent-transaction-output
bip-173-bech32	address,b32-address,bech32m,bip-bitcoin-improvement-proposal,bip-16-p2sh,segwit-segregated-witness-bip-141,native-segwit,p2wpkh-pay-witness-public-key-hash,p2wsh-pay-witness-script-hash
bip-174-psbt	bip-bitcoin-improvement-proposal,bitcoin-core,hierarchical-multisig,mono-signature,partial-signature,partially-signed-bitcoin-transaction-psbt,psbt,transaction
bip-176-bits-denomination	bip-bitcoin-improvement-proposal,bitcoin-core,satoshi-unit
bip-22-getblocktemplate	bip-bitcoin-improvement-proposal,bitcoin-core,bitcoin-core-rpc,block,block-header,mining-centralization,mining-rig,mining-software
bip-30	bip-bitcoin-improvement-proposal,bip-34,block,block-explorer,block-height,double-spend,transaction
bip-300-drivechains	bip-bitcoin-improvement-proposal,bip-301,liquid-network,one-way-peg,peg,peg-out,sidechain
bip-301	bip-bitcoin-improvement-proposal,bip-300-drivechains,liquid-network,one-way-peg,peg,peg-out,sidechain
bip-31-pong-message	bip-bitcoin-improvement-proposal,bitcoin-core,bitcoin-core-rpc,node,node-autoban,node-headcount,node-operator,node-synchronization
bip-34	bip-bitcoin-improvement-proposal,bip-30,block,block-explorer,block-height,double-spend,transaction
bip-341-taproot	bip-bitcoin-improvement-proposal,bip-16-p2sh,segwit-segregated-witness-bip-141,bip-144-segwit-relay,bip-342-tapscript,merkleized-abstract-syntax-tree-mast,musig,schnorr-signature,signature-aggregation,taproot
bip-342-tapscript	bip-bitcoin-improvement-proposal,bip-16-p2sh,segwit-segregated-witness-bip-141,bip-144-segwit-relay,bip-341-taproot,bitcoin-script,merkleized-abstract-syntax-tree-mast,script,taproot
bip-35-mempool-message	bip-bitcoin-improvement-proposal,bitcoin-core,bitcoin-core-rpc,mempool,node,node-synchronization,transaction
bip-36-merkle-block-request	bip-bitcoin-improvement-proposal,bitcoin-core,bitcoin-core-rpc,merkle-block,merkle-inclusion-proof,merkle-proof,merkle-root
bip-37	bip-bitcoin-improvement-proposal,bip-36-merkle-block-request,bip-40-alerts-avoid-replay,bloom-filter,merkle-block,merkle-inclusion-proof,merkle-proof,merkle-root,spv-simplified-payment-verification
bip-40-alerts-avoid-replay	bip-bitcoin-improvement-proposal,bip-37,bitcoin-core,bitcoin-core-rpc,node,node-synchronization
bip-42	bip-bitcoin-improvement-proposal,bitcoin-core,block-reward,block-size,block-subsidy,hal-finneys-running-bitcoin,halving-halvening,miner,mining-pool
bip-44	address-derivation-path,bip-bitcoin-improvement-proposal,deterministic-wallet,hd-wallet-hierarchical-deterministic-wallet,hierarchical-deterministic-wallet,key-generation-ceremony,seed-phrase,xpub-extended-public-key
bip-47-payment-codes	bip-bitcoin-improvement-proposal,payment-codes-bip-47,security,silent-payments,stealth-address
bip-50	bip-bitcoin-improvement-proposal,bitcoin-core,block,fork,reorg-reorganization
bip-61	bip-bitcoin-improvement-proposal,bitcoin-core,bitcoin-core-rpc,node,node-autoban,node-synchronization
bip-65-opchecklocktimeverify	absolute-locktime,bip-bitcoin-improvement-proposal,bip-68-relative-locktime,bitcoin-script,checklocktimeverify-cltv,locktime,nlocktime,nsequence,time-locked-contract
bip-66	bip-bitcoin-improvement-proposal,bitcoin-core,ecdsa-elliptic-curve-digital-signature-algorithm,elliptic-curve,schnorr-signature,signature-aggregation
bip-68-relative-locktime	absolute-locktime,bip-bitcoin-improvement-proposal,bip-65-opchecklocktimeverify,bitcoin-script,checklocktimeverify-cltv,checksequenceverify-csv,locktime,nlocktime,nsequence,time-locked-contract
bip-69	batch-transaction,batching-optimizer,bip-bitcoin-improvement-proposal,bitcoin-core,transaction,transaction-fee
bip-70-payment-protocol	address,bip-bitcoin-improvement-proposal,bip-75-payment-protocol-enhancements,bitcoin-core,transaction,transaction-fee
bip-75-payment-protocol-enhancements	address,bip-bitcoin-improvement-proposal,bip-70-payment-protocol,bitcoin-core,transaction,transaction-fee
bip-85	address-derivation-path,bip-bitcoin-improvement-proposal,bip-44,deterministic-wallet,hd-wallet-hierarchical-deterministic-wallet,hierarchical-deterministic-wallet,key-generation-ceremony,seed-phrase,xpub-extended-public-key
bip-9-versionbits	bip-bitcoin-improvement-proposal,bip-91,bip-119-ctv,bip-125-replace-fee,segwit-segregated-witness-bip-141,bip-144-segwit-relay,bip-148-uasf,deployment-threshold-soft-fork,locked-period-soft-fork,soft-fork
bip-91	bip-bitcoin-improvement-proposal,bip-9-versionbits,segwit-segregated-witness-bip-141,bip-144-segwit-relay,bip-148-uasf,bitcoin-core,deployment-threshold-soft-fork,locked-period-soft-fork,soft-fork
bitcoin-atm	address,address-derivation-path,fiat,merchant-adoption,transaction,volatility,wallet
bitcoin-bond	bitlicense,cbdc-central-bank-digital-currency,fiat,fincen,market-depth,volatility
bitcoin-bridge	auto-unwrap-sidechains,bip-300-drivechains,bip-301,liquid-network,one-way-peg,peg,peg-out,sidechain
bitcoin-cash	airdrop-btc-fork,altcoin,bitcoin-core,fork,fork-detection,fork-watcher
bitcoin-client	api-application-programming-interface,bitcoin-core,bitcoin-core-rpc,bitcoin-knots,node,node-operator,node-synchronization,spv-simplified-payment-verification
bitcoin-core	api-application-programming-interface,bitcoin-client,bitcoin-core-rpc,bitcoin-knots,node,node-autoban,node-operator,node-synchronization,spv-simplified-payment-verification
bitcoin-core-rpc	api-application-programming-interface,bip-22-getblocktemplate,bitcoin-client,bitcoin-core,rpc-whitelist
bitcoin-days-destroyed	coin-age,coin-control,colored-coins,transaction,transaction-chaining,transaction-fee,utxo-unspent-transaction-output
bitcoin-dev-kit-bdk	bitcoin-core,bitcoin-knots,bitcoin-script,deterministic-wallet,hd-wallet-hierarchical-deterministic-wallet,hierarchical-deterministic-wallet,wallet
bitcoin-dominance	alt-season,altcoin,bull-market,market-capitalization,market-depth
bitcoin-faucet	bitcoin-script,hodl,satoshi-unit,transaction
bitcoin-inheritance-planning	decentralization,deterministic-wallet,hardware-security-module-hsm,hardware-wallet,hd-wallet-hierarchical-deterministic-wallet,hierarchical-deterministic-wallet,inheritance-seed-backup,key-generation-ceremony,key-rotation,paper-wallet,seed-phrase
bitcoin-knots	bitcoin-client,bitcoin-core,bitcoin-core-rpc,node,node-operator,node-synchronization,safe-mode-bitcoin-core
bitcoin-pizza-day	bitcoin-script,merchant-adoption,satoshi-unit,satoshi-nakamoto,transaction,whitepaper
bitcoin-satellite	block-propagation,node,node-autoban,node-headcount,node-operator,node-synchronization
bitcoin-script	adapter-signature,bip-16-p2sh,bip-65-opchecklocktimeverify,bip-68-relative-locktime,bip-113,bip-119-ctv,bip-342-tapscript,bitcoin-pizza-day,checklocktimeverify-cltv,checksequenceverify-csv,checktemplateverify-ctv,covenants,merkleized-abstract-syntax-tree-mast,op-code-operation-code,opreturn,p2sh-pay-script-hash,script,scriptless-scripts,taproot
bitcoin-vault	bitcoin-inheritance-planning,coin-control,corrupted-chain-state,covenants,deterministic-wallet,hardware-security-module-hsm,hardware-wallet,hd-wallet-hierarchical-deterministic-wallet,hierarchical-multisig,inheritance-seed-backup,m-n,security
bitlicense	aml-anti-money-laundering,bitcoin-bond,decentralized-exchange-dex,evm-bitcoin,fiat,fincen,kyc-know-your-customer
block	bip-22-getblocktemplate,bip-30,bip-34,bip-102-2mb-block-size,bip-152-compact-blocks,block-explorer,block-header,block-height,block-propagation,block-reward,block-size,block-subsidy,block-time,blockchain
block-explorer	bip-30,bip-34,block,block-header,block-height,block-propagation,block-reward,blockchain,chain-visualization,transaction,transaction-index-txindex,utxo-unspent-transaction-output
block-header	bip-22-getblocktemplate,bip-152-compact-blocks,block,block-explorer,block-height,block-propagation,block-time,blockchain,genesis-block,merkle-block,merkle-tree-merkle-root,merkle-proof,merkle-root
block-height	bip-30,bip-34,bip-152-compact-blocks,block,block-explorer,block-header,block-propagation,block-time,blockchain,difficulty-retargeting,genesis-block,hal-finneys-running-bitcoin,halving-halvening
block-propagation	bip-152-compact-blocks,bitcoin-satellite,block,block-explorer,block-header,block-height,block-time,blockchain,competitive-block-propagation,competitive-mining,reorg-reorganization,stale-block
block-reward	bip-42,block,block-explorer,block-size,block-subsidy,coinbase-transaction,genesis-block,hal-finneys-running-bitcoin,halving-halvening,mining-pool,mining-algorithm,mining-colocation,mining-subsidy
block-size	bip-42,bip-102-2mb-block-size,block,block-reward,block-subsidy,blockchain,halving-halvening,merkle-root
block-subsidy	bip-42,block,block-reward,block-size,coinbase-transaction,genesis-block,hal-finneys-running-bitcoin,halving-halvening,mining-subsidy
block-time	bip-152-compact-blocks,block,block-header,block-height,block-propagation,blockchain,difficulty-retargeting,mtp-median-time-past
blockchain	bip-152-compact-blocks,block,block-explorer,block-header,block-height,block-propagation,block-size,block-time,fork-detection,genesis-block,market-depth,reorg-reorganization,stale-block
bloom-filter	adaptive-block-filter,bip-37,bip-158,merkle-block,merkle-tree-merkle-root,merkle-proof,merkle-root,spv-simplified-payment-verification
bolt	bolt-11,core-lightning-c-lightning,lightning-anchor-commitment,gossip-protocol-lightning,lightning-channel,lightning-channel-capacity,lightning-network,lightning-network-daemon-lnd,lightning-node,lightning-refund-invoice,lightning-routing
bolt-11	atomic-multi-path-payment-amp,audiobook-model-lightning,autopilot-lightning,bip-bitcoin-improvement-proposal,bolt,core-lightning-c-lightning,lightning-anchor-commitment,htlc-hashed-time-locked-contract,lightning-channel,lightning-channel-splicing,lightning-invoice,lightning-network,lightning-network-daemon-lnd,lightning-node,lightning-payment,lightning-refund-invoice,lightning-routing
bounty	bip-bitcoin-improvement-proposal,proof-work-pow,security
bridge-node-lightning	atomic-multi-path-payment-amp,audiobook-model-lightning,autopilot-lightning,bolt,bolt-11,core-lightning-c-lightning,lightning-anchor-commitment,gossip-protocol-lightning,htlc-hashed-time-locked-contract,lightning-channel,lightning-channel-splicing,lightning-network,lightning-network-daemon-lnd,lightning-node,lightning-routing
bull-market	alt-season,bear-market,bitcoin-dominance,market-capitalization,market-depth,price-discovery,price-floor-btc,price-slippage,volatility
burn-address	address,address-reuse,b32-address,coin-freeze,volatility
byzantine-fault-tolerance	anti-sybil-mechanism,decentralization,full-node,hd-wallet-hierarchical-deterministic-wallet,mining-algorithm,node,node-headcount,proof-work-pow
cbdc-central-bank-digital-currency	bitcoin-bond,bitlicense,fiat,fincen,kyc-know-your-customer
centralized-exchange-cex	aml-anti-money-laundering,bitlicense,decentralized-exchange-dex,evm-bitcoin,exchange,exchange-api-key,kyc-know-your-customer
chain-analysis	address-clustering,address-reuse,block-explorer,chain-visualization,coinjoin,miner-extractable-value-mev,transaction,transaction-index-txindex,utxo-unspent-transaction-output
chain-bulletin-board	block-explorer,chain-analysis,chain-flag-day,chain-visualization,opreturn,opreturn-based-tokens
chain-flag-day	bip-148-uasf,chain-bulletin-board,chain-split,deployment-threshold-soft-fork,locked-period-soft-fork,soft-fork
chain-split	airdrop-btc-fork,bitcoin-cash,chain-flag-day,fork,fork-detection,fork-watcher,reorg-reorganization
chain-visualization	block-explorer,blockchain,chain-analysis,chain-bulletin-board,merkle-root,transaction,transaction-index-txindex,utxo-unspent-transaction-output
chaincode	address-derivation-path,bip-44,deterministic-wallet,hd-wallet-hierarchical-deterministic-wallet,hierarchical-deterministic-wallet,key-generation-ceremony,key-rotation,seed-phrase,xpub-extended-public-key
checklocktimeverify-cltv	absolute-locktime,bip-65-opchecklocktimeverify,bip-68-relative-locktime,bip-113,bip-119-ctv,bitcoin-script,checksequenceverify-csv,checktemplateverify-ctv,covenants,locktime,nlocktime,nsequence,time-locked-contract
checksequenceverify-csv	absolute-locktime,bip-65-opchecklocktimeverify,bip-68-relative-locktime,bip-113,bip-119-ctv,bitcoin-script,checklocktimeverify-cltv,checktemplateverify-ctv,covenants,locktime,nlocktime,nsequence,time-locked-contract
checktemplateverify-ctv	bip-65-opchecklocktimeverify,bip-68-relative-locktime,bip-119-ctv,bitcoin-script,checklocktimeverify-cltv,checksequenceverify-csv,covenants,op-code-operation-code,script,scriptless-scripts
churn-lightning	autopilot-lightning,bridge-node-lightning,core-lightning-c-lightning,lightning-anchor-commitment,gossip-protocol-lightning,lightning-channel,lightning-channel-capacity,lightning-channel-splicing,lightning-network,lightning-payment,lightning-routing
clawback-mechanism	coin-control,coin-freeze,colored-coins,covenants,escrow,escrowed-lightning-channel,quorum-signatures
clearing-price	bull-market,exchange,market-capitalization,market-depth,merchant-adoption,price-discovery,price-slippage
coin-age	bitcoin-days-destroyed,coin-control,consolidation-transaction,transaction,transaction-chaining,utxo-unspent-transaction-output
coin-control	address-clustering,bitcoin-days-destroyed,bitcoin-vault,clawback-mechanism,coin-age,coin-freeze,coin-plasma,coinjoin,deterministic-wallet,difficulty,security,utxo-unspent-transaction-output,vanity-address,wallet
coin-freeze	burn-address,clawback-mechanism,coin-control,coin-plasma,colored-coins,covenants,escrow
coin-plasma	coin-control,coin-freeze,coinjoin,colored-coins,covenants,escrow,payjoin,shielded-coinjoin
coinbase-transaction	block,block-reward,block-subsidy,genesis-block,hal-finneys-running-bitcoin,halving-halvening,miner,miner-capitulation,mining-pool,mining-subsidy,transaction
coinjoin	address-clustering,address-reuse,chain-analysis,coin-control,coin-plasma,mixing-service,payjoin,shielded-coinjoin,stealth-address,stealth-address
colored-coins	bitcoin-days-destroyed,clawback-mechanism,coin-freeze,coin-plasma,covenants,opreturn-based-tokens
competitive-block-propagation	block-propagation,competitive-mining,miner-extractable-value-mev,mining-algorithm,mining-centralization,mining-colocation,mining-centralization,stale-block
competitive-mining	block-propagation,competitive-block-propagation,difficulty,difficulty-retargeting,miner-extractable-value-mev,mining,mining-algorithm,mining-centralization,mining-colocation,mining-centralization,mining-rig,mining-software,stale-block
consensus-parameter	block,block-subsidy,blockchain,decentralization,deployment-threshold-soft-fork,difficulty,difficulty-retargeting,fork,locked-period-soft-fork,nonce,proof-work-pow,soft-fork
consolidation-transaction	batch-transaction,batching-optimizer,bitcoin-days-destroyed,coin-age,incremental-batching,transaction,transaction-chaining,transaction-fee,utxo-unspent-transaction-output
constant-time	
core-lightning-c-lightning	atomic-multi-path-payment-amp,audiobook-model-lightning,autopilot-lightning,bolt,bolt-11,bridge-node-lightning,churn-lightning,gossip-protocol-lightning,lightning-channel,lightning-channel-capacity,lightning-network,lightning-network-daemon-lnd,lightning-node,lightning-routing
corrupted-chain-state	bitcoin-vault,blockchain,chain-split,fork-detection,full-node,full-validation,node-synchronization,reorg-reorganization,safe-mode-bitcoin-core
counterparty-risk	clawback-mechanism,covenants,custodial-lightning-wallet,custodial-wallet,escrow,escrowed-lightning-channel,mining-colocation,one-way-peg,sidechain
covariance-transaction	covenants,musig,musig2,quorum-signatures,transaction
covenants	bip-119-ctv,bitcoin-script,checklocktimeverify-cltv,checksequenceverify-csv,checktemplateverify-ctv,clawback-mechanism,coin-freeze,coin-plasma,colored-coins,counterparty-risk,covariance-transaction,op-code-operation-code,script,scriptless-scripts
cpu-mining	asic-application-specific-integrated-circuit,asic-resistance,asicboost,hash-rate,miner,miner-capitulation,mining,mining-algorithm,mining-colocation,mining-centralization,mining-rig,mining-software
cuckoo-cycle	difficulty-retargeting,hash-rate,hash-rate-derivative,mining-algorithm,mining-colocation,proof-keys,proof-work-pow
custodial-lightning-wallet	bolt,bolt-11,core-lightning-c-lightning,core-lightning-c-lightning,counterparty-risk,custodial-wallet,lightning-channel,lightning-channel-capacity,lightning-channel-splicing,lightning-network,lightning-network-daemon-lnd,lightning-node,lightning-probe,lightning-routing,wallet,wumbo-channels-lightning
custodial-wallet	counterparty-risk,custodial-lightning-wallet,deterministic-wallet,escrow,hardware-security-module-hsm,hardware-wallet,hd-wallet-hierarchical-deterministic-wallet,hierarchical-deterministic-wallet,security,wallet,watch-only-wallet
dapp-decentralized-application	dca-dollar-cost-averaging,dedicated-ip-nodes,decentralization,decentralized-exchange-dex,opreturn-based-tokens,sidechain
dca-dollar-cost-averaging	bear-market,bull-market,merchant-adoption,price-discovery,price-floor-btc,price-slippage,volatility
decentralization	anti-sybil-mechanism,byzantine-fault-tolerance,consensus-parameter,dapp-decentralized-application,decentralized-exchange-dex,dyson-sphere-mining,full-rbf,mining-centralization,mining-colocation,mining-centralization,proof-work-pow
decentralized-exchange-dex	bitlicense,centralized-exchange-cex,dapp-decentralized-application,decentralization,exchange,exchange-api-key
dedicated-ip-nodes	asmap,bitcoin-satellite,i2p-invisible-internet-project,node,node-autoban,node-headcount,node-operator,node-synchronization,node-uptime,tor-hidden-service
delayed-justice-transaction	absolute-fee,bip-125-replace-fee,checklocktimeverify-cltv,locktime,nlocktime,nsequence,replace-fee-rbf,transaction,transaction-fee
delayed-payment-channel	atomic-multi-path-payment-amp,checklocktimeverify-cltv,checksequenceverify-csv,core-lightning-c-lightning,htlc-hashed-time-locked-contract,lightning-channel,lightning-channel-splicing,lightning-network,lightning-node,lightning-payment,lightning-routing,locktime,payment-channel
deployment-threshold-soft-fork	bip-9-versionbits,bip-91,bip-119-ctv,bip-148-uasf,bip-159,chain-flag-day,consensus-parameter,locked-period-soft-fork,soft-fork
deterministic-wallet	address-derivation-path,bip-44,bip-85,bitcoin-inheritance-planning,bitcoin-vault,chaincode,coin-control,custodial-wallet,hardware-security-module-hsm,hardware-wallet,hd-wallet-hierarchical-deterministic-wallet,hierarchical-deterministic-wallet,key-generation-ceremony,seed-phrase,wallet-import-format-wif,xpub-extended-public-key
difficulty	coin-control,competitive-mining,consensus-parameter,difficulty-retargeting,double-spend,mining-subsidy,module-signing,nonce,poisson-process,proof-work-pow,revenue-ths
difficulty-retargeting	block-height,block-time,competitive-mining,consensus-parameter,cuckoo-cycle,difficulty,halving-halvening,miner,mining-algorithm,nonce-exhaustion,poisson-process,proof-work-pow
discard-threshold	absolute-fee,dust,dust-attack,dust-limit,dust-sweeping,transaction,transaction-fee
disinflation	block-reward,block-subsidy,fungibility,halving-halvening,inflation,inflation-bug,mining-subsidy
double-spend	bip-30,bip-34,difficulty,double-spend-relay,energy-fud,full-validation,race-attack,reorg-reorganization,replay-attack,spv-simplified-payment-verification
double-spend-relay	double-spend,race-attack,reorg-reorganization,replay-attack,transaction
double-blind-marketplace	decentralization,decentralized-exchange-dex,fungibility,security,silent-payments,stealth-address,stealth-address,zkcp-zero-knowledge-contingent-payment
dukpt-derived-unique-key-transaction	hardware-security-module-hsm,hardware-wallet,key-generation-ceremony,key-rotation,key-split,key-wiping,proof-keys,security
dust	address-reuse,discard-threshold,dust-attack,dust-limit,dust-sweeping,transaction-fee,utxo-unspent-transaction-output
dust-attack	address-reuse,discard-threshold,dust,dust-limit,dust-sweeping,transaction-fee,utxo-unspent-transaction-output
dust-limit	discard-threshold,dust,dust-attack,dust-sweeping,transaction-fee,utxo-unspent-transaction-output
dust-sweeping	discard-threshold,dust,dust-attack,dust-limit,transaction,transaction-fee,utxo-unspent-transaction-output
dyson-sphere-mining	decentralization,energy-fud,hash-rate,mining,mining-algorithm,mining-centralization,revenue-ths,revenue-ths
eavesdropping-attack	i2p-invisible-internet-project,jammed-htlc-detector,onion-routing-lightning,race-attack,replay-attack,security,tor-hidden-service
ecdsa-elliptic-curve-digital-signature-algorithm	adapter-signature,bip-66,elliptic-curve,musig,musig2,schnorr-signature,signature-aggregation,signature-clipping
eclipse-attack	dedicated-ip-nodes,i2p-invisible-internet-project,node,race-attack,replay-attack,resource-exhaustion-attack,tor-hidden-service
efficient-range-proof	merkle-block,merkle-inclusion-proof,merkle-proof,merkle-root,zkcp-zero-knowledge-contingent-payment
elliptic-curve	bip-66,ecdsa-elliptic-curve-digital-signature-algorithm,musig,musig2,schnorr-signature,signature-aggregation,signature-clipping
eltoo	anyprevout,htlc-hashed-time-locked-contract,lightning-channel,lightning-channel-splicing,lightning-network,payment-channel,penalty-transaction,penalty-transaction
energy-fud	double-spend,dyson-sphere-mining,mining-algorithm,mining-centralization,proof-work-pow,retail-mining
entropy-mixing-party	deterministic-wallet,key-generation-ceremony,key-rotation,seed-entropy-mixer,seed-phrase,seed-tool
escrow	clawback-mechanism,coin-freeze,coin-plasma,counterparty-risk,custodial-wallet,escrowed-lightning-channel,htlc-hashed-time-locked-contract,payment-channel,zkcp-zero-knowledge-contingent-payment
escrowed-lightning-channel	core-lightning-c-lightning,core-lightning-c-lightning,counterparty-risk,custodial-lightning-wallet,escrow,htlc-hashed-time-locked-contract,lightning-channel,lightning-channel-splicing,lightning-network,lightning-node,payment-channel
estimated-confirmation-blocks	absolute-fee,accelerator,block,block-height,block-propagation,block-time,fee-estimation,fee-floor,fee-rate-escalation,fee-sniping,transaction-fee
evm-bitcoin	bitlicense,centralized-exchange-cex,dapp-decentralized-application,decentralized-exchange-dex,sidechain
exchange	centralized-exchange-cex,clearing-price,decentralized-exchange-dex,exchange-api-key,futures,market-depth,price-discovery,price-slippage
exchange-api-key	api-application-programming-interface,centralized-exchange-cex,decentralized-exchange-dex,exchange,rpc-whitelist
fee-bumping	absolute-fee,accelerator,bip-125-replace-fee,estimated-confirmation-blocks,fee-estimation,fee-floor,fee-rate-escalation,fee-sniping,replace-fee-rbf,transaction,transaction-fee
fee-estimation	absolute-fee,accelerator,bip-125-replace-fee,estimated-confirmation-blocks,fee-bumping,fee-floor,fee-rate-escalation,fee-sniping,replace-fee-rbf,transaction,transaction-fee
fee-floor	absolute-fee,accelerator,bip-125-replace-fee,estimated-confirmation-blocks,fee-bumping,fee-estimation,fee-rate-escalation,fee-sniping,replace-fee-rbf,transaction,transaction-fee
fee-rate-escalation	absolute-fee,accelerator,bip-125-replace-fee,estimated-confirmation-blocks,fee-bumping,fee-estimation,fee-floor,fee-sniping,replace-fee-rbf,transaction,transaction-fee
fee-sniping	absolute-fee,accelerator,bip-125-replace-fee,estimated-confirmation-blocks,fee-bumping,fee-estimation,fee-floor,fee-rate-escalation,miner-extractable-value-mev,replace-fee-rbf,resource-exhaustion-attack,transaction,transaction-fee
fiat	bitcoin-atm,bitcoin-bond,cbdc-central-bank-digital-currency,fincen,kyc-know-your-customer,price-discovery,price-floor-btc,price-slippage,volatility
fidelity-bond	counterparty-risk,custodial-wallet,escrow,escrowed-lightning-channel,hierarchical-multisig,m-n,quorum-signatures
fincen	aml-anti-money-laundering,bitcoin-bond,bitlicense,cbdc-central-bank-digital-currency,fiat,kyc-know-your-customer
fork	airdrop-btc-fork,alt-season,altcoin,bip-50,bip-102-2mb-block-size,bitcoin-cash,chain-flag-day,chain-split,consensus-parameter,fork-detection,fork-watcher,reorg-reorganization,replay-attack
fork-detection	airdrop-btc-fork,bitcoin-cash,blockchain,chain-split,corrupted-chain-state,fork,fork-watcher,reorg-reorganization
fork-watcher	airdrop-btc-fork,bitcoin-cash,chain-split,fork,fork-detection,reorg-reorganization
fraud-proof	fraudulent-channel-close,htlc-hashed-time-locked-contract,merkle-inclusion-proof,merkle-proof,penalty-transaction,penalty-transaction,ring-verification,spv-simplified-payment-verification
fraudulent-channel-close	fraud-proof,htlc-hashed-time-locked-contract,lightning-channel,lightning-channel-splicing,lightning-network,lightning-network-daemon-lnd,lightning-node,penalty-transaction,penalty-transaction
fud-fear-uncertainty-doubt	
full-node	bitcoin-client,bitcoin-core,bitcoin-knots,byzantine-fault-tolerance,corrupted-chain-state,full-rbf,full-validation,node,node-autoban,node-headcount,node-operator,node-synchronization,node-uptime
full-rbf	absolute-fee,accelerator,bip-125-replace-fee,fee-bumping,fee-estimation,fee-floor,fee-rate-escalation,fee-sniping,full-node,replace-fee-rbf,transaction,transaction-fee
full-validation	corrupted-chain-state,double-spend,full-node,node,node-synchronization,reorg-reorganization,spv-simplified-payment-verification
fungibility	address-clustering,address-reuse,coinjoin,disinflation,double-blind-marketplace,security,shielded-coinjoin,silent-payments,stealth-address,stealth-address
futures	bear-market,bull-market,exchange,market-capitalization,market-depth,price-discovery,volatility
gadget-utxo	coin-plasma,coinjoin,payjoin,shielded-coinjoin,transaction,utxo-unspent-transaction-output
garlium	bitcoin-client,bitcoin-dev-kit-bdk,deterministic-wallet,hd-wallet-hierarchical-deterministic-wallet,hierarchical-deterministic-wallet,wallet,wallet-import-format-wif,watch-only-wallet
genesis-block	block-header,block-height,block-reward,block-subsidy,blockchain,coinbase-transaction,genesis-keys,satoshi-nakamoto,whitepaper
genesis-keys	genesis-block,key-generation-ceremony,key-rotation,key-split,key-wiping,proof-keys,satoshi-nakamoto,security
geographic-mining-distribution	competitive-block-propagation,competitive-mining,decentralization,energy-fud,mining,mining-centralization,mining-colocation,mining-centralization,retail-mining
golden-cross	bear-market,bull-market,futures,iceberg-order,price-discovery,price-slippage
gossip-protocol-lightning	autopilot-lightning,bolt,bridge-node-lightning,churn-lightning,core-lightning-c-lightning,core-lightning-c-lightning,lightning-channel,lightning-network,lightning-network-daemon-lnd,lightning-node,lightning-routing
graph-pruning	inactive-channel,lightning-invoice,lucas-number,pruning-mode
green-address	address,b32-address,hierarchical-multisig,m-n,partially-signed-bitcoin-transaction-psbt,security,wallet
greenlist	address-reuse,aml-anti-money-laundering,bitlicense,fincen,kyc-know-your-customer
griefing-attack	eavesdropping-attack,eclipse-attack,htlc-hashed-time-locked-contract,jamming-attack-ln,jammed-htlc-detector,race-attack,replay-attack,resource-exhaustion-attack
grothendiecks-proof	poelstras-proof,quorum-signatures
gui-miner	asic-application-specific-integrated-circuit,cpu-mining,gui-wallet,miner,mining,mining-algorithm,mining-colocation,mining-rig,mining-software,phone-mining,retail-mining
gui-wallet	bitcoin-client,bitcoin-dev-kit-bdk,custodial-lightning-wallet,custodial-wallet,deterministic-wallet,gui-miner,hierarchical-deterministic-wallet,penalty-transaction,wallet,wallet-import-format-wif,watch-only-wallet
gweek	gyft-block,gzen-generalized-zen
gyft-block	block,gweek,gzen-generalized-zen,interactive-multi-sig
gzen-generalized-zen	gweek,gyft-block,hidden-miner,hidden-miner-tax,hidden-service-node,scriptless-scripts,stealth-address,zkcp-zero-knowledge-contingent-payment
hal-finneys-running-bitcoin	bip-42,bitcoin-pizza-day,block-height,block-reward,block-subsidy,coinbase-transaction,genesis-block,halving-halvening,satoshi-nakamoto,whitepaper
halving-halvening	bip-42,block-height,block-reward,block-size,block-subsidy,coinbase-transaction,difficulty-retargeting,disinflation,hal-finneys-running-bitcoin,mining-subsidy,revenue-ths
hardware-security-module-hsm	air-gapped,bitcoin-vault,custodial-wallet,deterministic-wallet,dukpt-derived-unique-key-transaction,hardware-seed-vault,hardware-wallet,hierarchical-deterministic-wallet,key-generation-ceremony,key-rotation,key-split,key-wiping,oracle-based-betting,security
hardware-seed-vault	air-gapped,bitcoin-inheritance-planning,bitcoin-vault,deterministic-wallet,hardware-security-module-hsm,hardware-wallet,hd-wallet-hierarchical-deterministic-wallet,hierarchical-deterministic-wallet,inheritance-seed-backup,seed-phrase,security
hardware-wallet	air-gapped,bitcoin-inheritance-planning,bitcoin-vault,custodial-wallet,deterministic-wallet,dukpt-derived-unique-key-transaction,hardware-seed-vault,hardware-security-module-hsm,hd-wallet-hierarchical-deterministic-wallet,hierarchical-deterministic-wallet,inheritance-seed-backup,key-generation-ceremony,key-rotation,seed-phrase,security,wallet
hash	hash-fever,hash-locktime-contract-hlc,hash-puzzle,hash-rate,hash-rate-derivative,hashlet,hashpool,merged-mining,merkle-proof,merkle-root,nonce,nonce-exhaustion,proof-work-pow
hash-fever	asic-application-specific-integrated-circuit,hash,hash-rate,hash-rate-derivative,hashlet,hashpool,miner-capitulation,mining-algorithm,mining-colocation,revenue-ths,revenue-ths
hash-locktime-contract-hlc	atomic-multi-path-payment-amp,eltoo,hash,htlc-hashed-time-locked-contract,lightning-channel,lightning-channel-splicing,lightning-network,lightning-payment,lightning-routing,payment-channel,submarine-swap
hash-puzzle	hash,hash-locktime-contract-hlc,htlc-hashed-time-locked-contract,zkcp-zero-knowledge-contingent-payment
hash-rate	asic-application-specific-integrated-circuit,competitive-block-propagation,competitive-mining,cpu-mining,cuckoo-cycle,dyson-sphere-mining,hash,hash-fever,hash-rate-derivative,hashlet,hashpool,miner,mining-algorithm,mining-colocation,revenue-ths,revenue-ths
hash-rate-derivative	cuckoo-cycle,hash,hash-fever,hash-rate,hashlet,hashpool,pop-mining,mining-algorithm,mining-colocation,revenue-ths,revenue-ths
hashlet	hash,hash-fever,hash-rate,hash-rate-derivative,hashpool,mining-algorithm,mining-colocation,mutxo,pooled-mining,revenue-ths,revenue-ths
hashpool	hash,hash-fever,hash-rate,hash-rate-derivative,hashlet,miner,mining-pool,mining-algorithm,mining-colocation,mutxo,pooled-mining,revenue-ths,revenue-ths
hd-wallet-hierarchical-deterministic-wallet	address-derivation-path,bip-44,bip-85,bitcoin-dev-kit-bdk,bitcoin-inheritance-planning,bitcoin-vault,chaincode,custodial-lightning-wallet,custodial-wallet,deterministic-wallet,garlium,gui-wallet,hardware-seed-vault,hardware-wallet,hdm-multi-signature-hd-wallet,hierarchical-deterministic-wallet,inheritance-seed-backup,seed-phrase,wallet,wallet-import-format-wif,xpub-extended-public-key
hdm-multi-signature-hd-wallet	byzantine-fault-tolerance,hd-wallet-hierarchical-deterministic-wallet,hierarchical-deterministic-wallet,hierarchical-multisig,m-n,musig,musig2,quorum-signatures,wallet
headless-node	dedicated-ip-nodes,full-node,hidden-miner,node,node-autoban,node-headcount,node-operator,node-synchronization,node-uptime,tor-hidden-service
hidden-miner	gzen-generalized-zen,headless-node,hidden-miner-tax,hidden-service-node,miner,mining,mining-pool,mining-algorithm,mining-colocation,retail-mining
hidden-miner-tax	gzen-generalized-zen,hidden-miner,hidden-service-node,miner-extractable-value-mev,mining,mining-algorithm,mining-colocation,mining-centralization,retail-mining
hidden-service-node	gzen-generalized-zen,headless-node,hidden-miner,hidden-miner-tax,i2p-invisible-internet-project,node,node-headcount,node-operator,node-synchronization,node-uptime,tor-hidden-service
hierarchical-deterministic-wallet	address-derivation-path,bip-44,bip-85,bitcoin-dev-kit-bdk,bitcoin-inheritance-planning,bitcoin-vault,chaincode,custodial-lightning-wallet,custodial-wallet,deterministic-wallet,garlium,gui-wallet,hardware-seed-vault,hardware-security-module-hsm,hardware-wallet,hd-wallet-hierarchical-deterministic-wallet,hdm-multi-signature-hd-wallet,hierarchical-multisig,inheritance-seed-backup,seed-phrase,wallet,wallet-import-format-wif,xpub-extended-public-key
hierarchical-multisig	bip-174-psbt,custodial-lightning-wallet,green-address,hd-wallet-hierarchical-deterministic-wallet,hdm-multi-signature-hd-wallet,hierarchical-deterministic-wallet,m-n,mono-signature,musig,musig2,partially-signed-bitcoin-transaction-psbt,quorum-signatures,wallet
hodl	bitcoin-faucet,bull-market,hodl-waves,paper-hands,price-floor-btc,volatility
hodl-waves	coin-age,hodl,volatility
htlc-hashed-time-locked-contract	atomic-multi-path-payment-amp,atomic-swap,atomic-swap-refill,bolt-11,bridge-node-lightning,eltoo,escrow,escrowed-lightning-channel,fraud-proof,fraudulent-channel-close,griefing-attack,hash-locktime-contract-hlc,hash-puzzle,htlc-invoice,htlc-preimage-manager,lightning-channel,lightning-channel-splicing,lightning-network,lightning-payment,lightning-routing,payment-channel,submarine-swap
htlc-invoice	bolt-11,core-lightning-c-lightning,core-lightning-c-lightning,htlc-hashed-time-locked-contract,htlc-preimage-manager,lightning-channel,lightning-channel-splicing,lightning-invoice,lightning-network,lightning-payment,lightning-refund-invoice,lightning-routing
htlc-preimage-manager	core-lightning-c-lightning,core-lightning-c-lightning,htlc-hashed-time-locked-contract,htlc-invoice,jammed-htlc-detector,lightning-channel,lightning-channel-splicing,lightning-invoice,lightning-network,lightning-payment,lightning-refund-invoice,lightning-routing,lightning-sphinx
hybrid-mining	asic-application-specific-integrated-circuit,cpu-mining,hash-rate,merged-mining,mining-algorithm,mining-colocation,mining-rig,mining-software,phone-mining,retail-mining
i2p-invisible-internet-project	dedicated-ip-nodes,eavesdropping-attack,eclipse-attack,hidden-service-node,node,node-operator,onion-routing-lightning,tor-hidden-service
ice-lake-attack	
iceberg-order	exchange,golden-cross,price-discovery,price-slippage
inactive-channel	churn-lightning,graph-pruning,lightning-channel,lightning-channel-capacity,lightning-channel-splicing,lightning-network,lightning-network-daemon-lnd,lightning-node,lightning-routing
incentive-compatibility	
incremental-batching	batch-transaction,batching-optimizer,consolidation-transaction,transaction,transaction-chaining,transaction-fee
inflation	bip-42,block-reward,block-subsidy,disinflation,halving-halvening,inflation-bug,mining-subsidy
inflation-bug	bip-42,block-reward,block-subsidy,disinflation,halving-halvening,inflation,mining-subsidy
inheritance-seed-backup	bitcoin-inheritance-planning,bitcoin-vault,deterministic-wallet,hardware-seed-vault,hardware-wallet,hd-wallet-hierarchical-deterministic-wallet,hierarchical-deterministic-wallet,seed-phrase,security
input-transaction-input	
instantsend	
interactive-multi-sig	gyft-block,hierarchical-multisig,m-n,mono-signature,musig,musig2,partially-signed-bitcoin-transaction-psbt,quorum-signatures
invalid-block-punishment	
inverted-tx-index	
ip-ip-transaction	
ipfs-bitcoin-bridge	
irq-priority-mining-rigs	
issuer-script	
iterative-payment-splitting	
jammed-htlc-detector	eavesdropping-attack,htlc-preimage-manager,jamming-attack-ln,lightning-network,lightning-payment,lightning-routing,lightning-sphinx
jamming-attack-ln	eavesdropping-attack,griefing-attack,htlc-hashed-time-locked-contract,hybrid-mining,jammed-htlc-detector,lightning-network,lightning-payment,lightning-routing,lightning-sphinx,race-attack,replay-attack
joel-test-bitcoin	
json-rpc-over-tor	
k-k-multisig	
key-aggregation	
key-generation-ceremony	bitcoin-inheritance-planning,chaincode,deterministic-wallet,dukpt-derived-unique-key-transaction,entropy-mixing-party,hardware-security-module-hsm,hardware-wallet,key-rotation,key-split,key-wiping,proof-keys,security
key-pool	
key-rotation	bitcoin-inheritance-planning,chaincode,deterministic-wallet,dukpt-derived-unique-key-transaction,entropy-mixing-party,genesis-keys,hardware-security-module-hsm,hardware-wallet,key-generation-ceremony,key-split,key-wiping,paper-wallet,security,stealth-address,stealth-address
key-split	bitcoin-inheritance-planning,dukpt-derived-unique-key-transaction,genesis-keys,hardware-security-module-hsm,key-generation-ceremony,key-rotation,key-wiping,paper-wallet,security
key-wiping	bitcoin-inheritance-planning,dukpt-derived-unique-key-transaction,genesis-keys,hardware-security-module-hsm,key-generation-ceremony,key-rotation,key-split,paper-wallet,security
kickstart-mining	
kyc-know-your-customer	aml-anti-money-laundering,bitlicense,cbdc-central-bank-digital-currency,centralized-exchange-cex,fiat,fincen,greenlist,security
kycpal	
latency-mining	
layer-1	
layer-3	
lightning-anchor-commitment	
lightning-backup-script	
lightning-channel	atomic-multi-path-payment-amp,audiobook-model-lightning,autopilot-lightning,bolt,bolt-11,bridge-node-lightning,churn-lightning,core-lightning-c-lightning,core-lightning-c-lightning,custodial-lightning-wallet,eltoo,escrowed-lightning-channel,fraudulent-channel-close,hash-locktime-contract-hlc,htlc-hashed-time-locked-contract,htlc-invoice,htlc-preimage-manager,inactive-channel,lightning-channel-capacity,lightning-channel-splicing,lightning-network,lightning-network-daemon-lnd,lightning-node,lightning-routing,payment-channel,wumbo-channels-lightning
lightning-channel-capacity	bolt,bridge-node-lightning,churn-lightning,core-lightning-c-lightning,core-lightning-c-lightning,custodial-lightning-wallet,inactive-channel,lightning-channel,lightning-channel-splicing,lightning-network,lightning-node,lightning-routing,wumbo-channels-lightning
lightning-channel-splicing	atomic-multi-path-payment-amp,bolt-11,bridge-node-lightning,churn-lightning,custodial-lightning-wallet,eltoo,escrowed-lightning-channel,fraudulent-channel-close,hash-locktime-contract-hlc,htlc-hashed-time-locked-contract,htlc-invoice,htlc-preimage-manager,inactive-channel,lightning-channel,lightning-channel-capacity,lightning-network,lightning-network-daemon-lnd,lightning-node,lightning-routing,payment-channel,wumbo-channels-lightning
lightning-gossip-pruning	
lightning-invoice	bolt-11,graph-pruning,htlc-invoice,htlc-preimage-manager,lightning-network,lightning-payment,lightning-refund-invoice,lightning-routing
lightning-network	atomic-multi-path-payment-amp,audiobook-model-lightning,autopilot-lightning,bolt,bolt-11,bridge-node-lightning,churn-lightning,core-lightning-c-lightning,core-lightning-c-lightning,custodial-lightning-wallet,delayed-payment-channel,eltoo,escrowed-lightning-channel,fraudulent-channel-close,gossip-protocol-lightning,htlc-hashed-time-locked-contract,htlc-invoice,htlc-preimage-manager,jamming-attack-ln,jammed-htlc-detector,lightning-channel,lightning-channel-capacity,lightning-channel-splicing,lightning-invoice,lightning-network-daemon-lnd,lightning-node,lightning-payment,lightning-probe,lightning-refund-invoice,lightning-routing,lightning-sphinx,onion-routing-lightning,payment-channel,submarine-swap,wumbo-channels-lightning
lightning-network-daemon-lnd	bolt,bolt-11,core-lightning-c-lightning,custodial-lightning-wallet,fraudulent-channel-close,lightning-channel,lightning-channel-splicing,lightning-network,lightning-node,lightning-routing
lightning-network-penalty	
lightning-node	autopilot-lightning,bolt,bolt-11,core-lightning-c-lightning,core-lightning-c-lightning,custodial-lightning-wallet,delayed-payment-channel,escrowed-lightning-channel,fraudulent-channel-close,gossip-protocol-lightning,lightning-channel,lightning-channel-capacity,lightning-channel-splicing,lightning-network,lightning-network-daemon-lnd,lightning-probe,lightning-refund-invoice,lightning-routing,lightning-sphinx,onion-routing-lightning,tor-hidden-service,wumbo-channels-lightning
lightning-node-alias	
lightning-payment	atomic-multi-path-payment-amp,atomic-swap,atomic-swap-refill,bolt-11,bridge-node-lightning,churn-lightning,delayed-payment-channel,hash-locktime-contract-hlc,htlc-hashed-time-locked-contract,htlc-invoice,htlc-preimage-manager,jamming-attack-ln,jammed-htlc-detector,lightning-invoice,lightning-network,lightning-probe,lightning-refund-invoice,lightning-routing,lightning-sphinx,payment-channel,submarine-swap
lightning-probe	custodial-lightning-wallet,lightning-network,lightning-node,lightning-payment,lightning-routing,lightning-sphinx
lightning-refund-invoice	bolt-11,htlc-invoice,htlc-preimage-manager,lightning-invoice,lightning-network,lightning-node,lightning-payment,lightning-routing
lightning-routing	atomic-multi-path-payment-amp,bolt,bolt-11,bridge-node-lightning,churn-lightning,core-lightning-c-lightning,core-lightning-c-lightning,delayed-payment-channel,gossip-protocol-lightning,htlc-hashed-time-locked-contract,htlc-invoice,htlc-preimage-manager,jamming-attack-ln,jammed-htlc-detector,lightning-channel,lightning-channel-capacity,lightning-channel-splicing,lightning-invoice,lightning-network,lightning-network-daemon-lnd,lightning-node,lightning-payment,lightning-probe,lightning-refund-invoice,lightning-sphinx,onion-routing-lightning
lightning-sphinx	htlc-preimage-manager,jamming-attack-ln,jammed-htlc-detector,lightning-network,lightning-node,lightning-payment,lightning-probe,lightning-routing,onion-routing-lightning
liquid-federation	
liquid-network	
liquidity	
liquidity-ads	
locked-memory	
locked-period-soft-fork	bip-9-versionbits,bip-91,bip-119-ctv,bip-148-uasf,chain-flag-day,consensus-parameter,deployment-threshold-soft-fork,soft-fork
locktime	absolute-locktime,bip-65-opchecklocktimeverify,bip-68-relative-locktime,bip-113,checklocktimeverify-cltv,checksequenceverify-csv,delayed-payment-channel,nlocktime,nsequence,payment-channel,time-locked-contract
lockup-period-lightning	
longest-chain-rule	
loop-inout	
lotus	
low-r-signatures	
low-s-signatures	
lucas-number	graph-pruning
lurking-wife-mode	
m-n	bip-174-psbt,bitcoin-vault,fidelity-bond,green-address,hdm-multi-signature-hd-wallet,hierarchical-multisig,interactive-multi-sig,musig,musig2,partially-signed-bitcoin-transaction-psbt,quorum-signatures
mainnet	
mainnet2	
manager-node	
market-capitalization	alt-season,bull-market,clearing-price,exchange,futures,market-depth,merchant-adoption,price-discovery,price-slippage,volatility
market-depth	blockchain,bull-market,clearing-price,exchange,futures,market-capitalization,merchant-adoption,price-discovery,price-slippage,volatility
mempool	
merchant-adoption	bitcoin-pizza-day,bull-market,clearing-price,dca-dollar-cost-averaging,market-capitalization,market-depth,price-discovery,security,volatility
merged-mining	hash,hashpool,hybrid-mining,miner,mining-pool,mining-algorithm,mining-colocation,mining-software,retail-mining
merkle-block	adaptive-block-filter,bip-37,bip-158,block-header,bloom-filter,efficient-range-proof,merkle-inclusion-proof,merkle-tree-merkle-root,merkle-proof,merkle-root
merkle-inclusion-proof	adaptive-block-filter,bip-37,bip-158,efficient-range-proof,fraud-proof,merkle-block,merkle-tree-merkle-root,merkle-proof,merkle-root
merkle-proof	adaptive-block-filter,bip-37,bip-158,block-header,bloom-filter,efficient-range-proof,fraud-proof,hash,merkle-block,merkle-inclusion-proof,merkle-tree-merkle-root,merkle-root
merkle-root	adaptive-block-filter,bip-37,bip-158,block-header,block-size,bloom-filter,chain-visualization,efficient-range-proof,hash,merkle-block,merkle-inclusion-proof,merkle-tree-merkle-root,merkleized-abstract-syntax-tree-mast,merkle-proof,spv-simplified-payment-verification
merkle-tree-merkle-root	adaptive-block-filter,bip-37,bip-158,block-header,bloom-filter,merkle-block,merkle-inclusion-proof,merkleized-abstract-syntax-tree-mast,merkle-proof,merkle-root
merkleized-abstract-syntax-tree-mast	bip-341-taproot,bip-342-tapscript,bitcoin-script,merkle-tree-merkle-root,merkle-root,taproot
micropayment	
miner	coinbase-transaction,cpu-mining,difficulty-retargeting,gui-miner,hash,hash-rate,hashpool,hidden-miner,merged-mining,pop-mining,miner-capitulation,mining,mining-pool,mining-algorithm,mining-colocation,mining-rig,mining-software,mining-subsidy,revenue-ths
miner-capitulation	coinbase-transaction,hash-fever,pop-mining,miner,mining,mining-algorithm,mining-colocation,mining-centralization,mining-subsidy,revenue-ths
miner-extractable-value-mev	chain-analysis,competitive-block-propagation,competitive-mining,fee-sniping,hidden-miner-tax,mining,mining-algorithm,mining-colocation,mining-centralization
miner-orphan-rate	
mining	competitive-mining,cpu-mining,dyson-sphere-mining,geographic-mining-distribution,hash-rate,hidden-miner,hidden-miner-tax,hybrid-mining,pop-mining,miner,miner-capitulation,miner-extractable-value-mev,mining-pool,mining-algorithm,mining-colocation,mining-centralization,mining-rig,mining-software,mining-subsidy,retail-mining,revenue-ths,revenue-ths
mining-algorithm	asic-application-specific-integrated-circuit,asic-resistance,competitive-mining,cpu-mining,cuckoo-cycle,difficulty-retargeting,dyson-sphere-mining,energy-fud,hash-fever,hash-rate,hash-rate-derivative,hashlet,hashpool,hidden-miner,hidden-miner-tax,hybrid-mining,merged-mining,miner,miner-capitulation,miner-extractable-value-mev,mining,mining-pool,mining-centralization,mining-colocation,mining-centralization,mining-rig,mining-software,proof-work-pow,retail-mining,revenue-ths,revenue-ths
mining-centralization	competitive-block-propagation,competitive-mining,decentralization,dyson-sphere-mining,energy-fud,geographic-mining-distribution,hidden-miner-tax,miner-capitulation,miner-extractable-value-mev,mining,mining-pool,mining-algorithm,retail-mining
mining-colocation	asic-application-specific-integrated-circuit,block-reward,competitive-block-propagation,competitive-mining,corrupted-chain-state,counterparty-risk,cuckoo-cycle,decentralization,dyson-sphere-mining,geographic-mining-distribution,hash-fever,hash-rate,hash-rate-derivative,hashlet,hashpool,hidden-miner,hybrid-mining,merged-mining,miner,miner-capitulation,miner-extractable-value-mev,mining,mining-pool,mining-algorithm,mining-centralization,mining-rig,mining-software,mining-subsidy,retail-mining,revenue-ths,revenue-ths
mining-front-end	
mining-pool	block-reward,coinbase-transaction,hashpool,hidden-miner,merged-mining,miner,mining,mining-algorithm,mining-colocation,mining-centralization,mining-rig,mining-software,mining-subsidy,pooled-mining,retail-mining,revenue-ths,revenue-ths
mining-rig	asic-application-specific-integrated-circuit,asic-resistance,asicboost,competitive-mining,cpu-mining,gui-miner,hybrid-mining,pop-mining,miner,mining,mining-pool,mining-algorithm,mining-colocation,mining-software,phone-mining,retail-mining
mining-software	asic-application-specific-integrated-circuit,competitive-mining,cpu-mining,gui-miner,hybrid-mining,merged-mining,pop-mining,miner,mining,mining-pool,mining-algorithm,mining-colocation,mining-rig,phone-mining,retail-mining
mining-subsidy	block-reward,difficulty,transaction-fee
minsky-moment	
mixing-service	address-clustering,coinjoin,paper-wallet,payjoin,shielded-coinjoin,stealth-address,stealth-address
mnemonic-seed-phrase	
mnemonic-entropy-bits	
mnemonic-password	
module-signing	difficulty,mono-signature,quorum-signatures
mono-signature	interactive-multi-sig,m-n,module-signing,musig,musig2,quorum-signatures,schnorr-signature,signature-aggregation,signature-clipping
mtp-median-time-past	absolute-locktime,bip-113
musig	bip-174-psbt,covariance-transaction,ecdsa-elliptic-curve-digital-signature-algorithm,elliptic-curve,hdm-multi-signature-hd-wallet,hierarchical-multisig,interactive-multi-sig,m-n,mono-signature,musig2,partial-signature,partially-signed-bitcoin-transaction-psbt,quorum-signatures,schnorr-signature,signature-aggregation,signature-clipping
musig2	bip-174-psbt,covariance-transaction,ecdsa-elliptic-curve-digital-signature-algorithm,elliptic-curve,hdm-multi-signature-hd-wallet,hierarchical-multisig,interactive-multi-sig,m-n,mono-signature,musig,partial-signature,partially-signed-bitcoin-transaction-psbt,quorum-signatures,schnorr-signature,signature-aggregation,signature-clipping
mutxo	hashlet,hashpool,utxo-unspent-transaction-output
namecoin	
native-segwit	
negligible-output-attack	
neutrino	
nlocktime	absolute-locktime,bip-65-opchecklocktimeverify,bip-68-relative-locktime,bip-113,checklocktimeverify-cltv,checksequenceverify-csv,delayed-justice-transaction,locktime,mtp-median-time-past,nsequence,time-locked-contract,transaction
node	bitcoin-client,bitcoin-core,bitcoin-knots,bitcoin-satellite,dedicated-ip-nodes,eclipse-attack,full-node,full-validation,headless-node,hidden-service-node,i2p-invisible-internet-project,node-autoban,node-headcount,node-operator,node-synchronization,node-uptime
node-autoban	bitcoin-satellite,dedicated-ip-nodes,eclipse-attack,full-node,node,node-headcount,node-operator,node-synchronization,node-uptime
node-headcount	bitcoin-satellite,byzantine-fault-tolerance,dedicated-ip-nodes,decentralization,eclipse-attack,full-node,hidden-service-node,node,node-autoban,node-operator,node-synchronization,node-uptime
node-operator	bitcoin-knots,bitcoin-satellite,dedicated-ip-nodes,full-node,headless-node,hidden-service-node,i2p-invisible-internet-project,node,node-autoban,node-headcount,node-synchronization,node-uptime
node-synchronization	bitcoin-knots,bitcoin-satellite,corrupted-chain-state,dedicated-ip-nodes,full-node,full-validation,headless-node,hidden-service-node,node,node-autoban,node-headcount,node-operator,node-uptime
node-uptime	dedicated-ip-nodes,eclipse-attack,full-node,headless-node,hidden-service-node,node,node-autoban,node-headcount,node-operator,node-synchronization
nonce	consensus-parameter,difficulty,difficulty-retargeting,hash,nonce-exhaustion,proof-work-pow
nonce-exhaustion	difficulty-retargeting,nonce,proof-work-pow
nsequence	absolute-locktime,bip-65-opchecklocktimeverify,bip-68-relative-locktime,bip-113,checklocktimeverify-cltv,checksequenceverify-csv,delayed-justice-transaction,locktime,mtp-median-time-past,nlocktime,time-locked-contract,transaction
chain	
one-way-peg	counterparty-risk,sidechain
onion-routing-lightning	eavesdropping-attack,gossip-protocol-lightning,i2p-invisible-internet-project,lightning-network,lightning-node,lightning-routing,lightning-sphinx,tor-hidden-service
op-code-operation-code	bip-119-ctv,bitcoin-script,checktemplateverify-ctv,covenants,opreturn,script,scriptless-scripts
opreturn	bitcoin-script,chain-bulletin-board,op-code-operation-code,opreturn-based-tokens,script,scriptless-scripts
opreturn-based-tokens	bitlicense,chain-bulletin-board,colored-coins,dapp-decentralized-application,opreturn
oracle-based-betting	counterparty-risk,hardware-security-module-hsm,rpc-whitelist,security
ordered-commitment	
orphan-block	
output-transaction-output	
output-descriptor	
p2pk-pay-public-key	address,b32-address,p2sh-pay-script-hash,p2wpkh-pay-witness-public-key-hash,p2wsh-pay-witness-script-hash,p2pkh-pay-public-key-hash,utxo-unspent-transaction-output
p2pkh-pay-public-key-hash	address,b32-address,p2sh-pay-script-hash,p2wpkh-pay-witness-public-key-hash,p2wsh-pay-witness-script-hash,p2pk-pay-public-key,utxo-unspent-transaction-output
p2sh-pay-script-hash	address,bip-16-p2sh,bitcoin-script,p2wpkh-pay-witness-public-key-hash,p2wsh-pay-witness-script-hash,partially-signed-bitcoin-transaction-psbt,p2pkh-pay-public-key-hash,p2pk-pay-public-key
p2wpkh-pay-witness-public-key-hash	address,bip-85,p2sh-pay-script-hash,p2wsh-pay-witness-script-hash,p2pkh-pay-public-key-hash,p2pk-pay-public-key,utxo-unspent-transaction-output
p2wsh-pay-witness-script-hash	address,p2sh-pay-script-hash,p2wpkh-pay-witness-public-key-hash,p2pkh-pay-public-key-hash,p2pk-pay-public-key,utxo-unspent-transaction-output
paper-code-check	
paper-hands	airdrop-btc-fork,altcoin,bear-market,bull-market,hodl,volatility
paper-wallet	address,bitcoin-inheritance-planning,key-rotation,key-split,key-wiping,mixing-service
partial-preimage-attack	
partial-signature	bip-174-psbt,hierarchical-multisig,m-n,musig,musig2,partially-signed-bitcoin-transaction-psbt,quorum-signatures
partially-signed-bitcoin-transaction-psbt	bip-174-psbt,green-address,hierarchical-multisig,interactive-multi-sig,m-n,musig,musig2,p2sh-pay-script-hash,partial-signature,quorum-signatures,schnorr-signature
pay-ip	
payjoin	address-clustering,address-reuse,coin-plasma,coinjoin,gadget-utxo,mixing-service,shielded-coinjoin,stealth-address,stealth-address
payment-channel	delayed-payment-channel,eltoo,escrow,escrowed-lightning-channel,hash-locktime-contract-hlc,htlc-hashed-time-locked-contract,lightning-channel,lightning-channel-splicing,lightning-network,lightning-payment,locktime,submarine-swap
payment-codes-bip-47	
payment-point	
payment-state-machine	
peer-bookmark	
peer-discovery	api-application-programming-interface,bip-159,dedicated-ip-nodes,eclipse-attack,node,node-autoban,node-headcount,node-operator,node-synchronization
peer-management	
peg-guard	
peg	
peg-out	
penalty-transaction	eltoo,fraud-proof,fraudulent-channel-close,gui-wallet,htlc-hashed-time-locked-contract
phoenix-wallet	
phone-mining	cpu-mining,gui-miner,hybrid-mining,mining-rig,mining-software,retail-mining
poelstras-proof	grothendiecks-proof,quorum-signatures
poisson-process	difficulty,difficulty-retargeting,proof-work-pow
pool-hopping	
pooled-mining	hashlet,hashpool,mining-pool,mining-subsidy,revenue-ths,revenue-ths
pooled-utxo-model	
pop-mining	cpu-mining,hash-rate-derivative,miner,miner-capitulation,mining,mining-algorithm,mining-colocation,mining-rig,mining-software,retail-mining
price-discovery	bull-market,clearing-price,exchange,fiat,futures,golden-cross,iceberg-order,market-capitalization,market-depth,price-floor-btc,price-slippage,volatility
price-floor-btc	bull-market,dca-dollar-cost-averaging,hodl,paper-hands,price-discovery,price-slippage,volatility
price-slippage	bull-market,clearing-price,dca-dollar-cost-averaging,exchange,futures,golden-cross,iceberg-order,market-capitalization,market-depth,price-discovery,price-floor-btc,volatility
private-key	
proof-keys	counterparty-risk,cuckoo-cycle,dukpt-derived-unique-key-transaction,genesis-keys,key-generation-ceremony,security
proof-work-pow	anti-sybil-mechanism,bounty,byzantine-fault-tolerance,consensus-parameter,cuckoo-cycle,decentralization,difficulty,difficulty-retargeting,energy-fud,hash,nonce,nonce-exhaustion,poisson-process
proprietary-mining-firmware	
pruning-mode	bitcoin-client,bitcoin-core,graph-pruning
psbt	
public-key	address,b32-address,p2pk-pay-public-key,xpub-extended-public-key
push-transaction	
qtes	
quorum-signatures	clawback-mechanism,covariance-transaction,fidelity-bond,grothendiecks-proof,hdm-multi-signature-hd-wallet,hierarchical-multisig,interactive-multi-sig,m-n,module-signing,mono-signature,musig,musig2,partial-signature,partially-signed-bitcoin-transaction-psbt,poelstras-proof
race-attack	double-spend,double-spend-relay,eavesdropping-attack,eclipse-attack,griefing-attack,jamming-attack-ln,reorg-reorganization,replay-attack,spv-simplified-payment-verification
reorg-reorganization	block-propagation,blockchain,chain-split,corrupted-chain-state,double-spend,double-spend-relay,fork,fork-detection,fork-watcher,full-validation,race-attack,replay-attack,stale-block
replace-fee-rbf	absolute-fee,accelerator,bip-125-replace-fee,delayed-justice-transaction,fee-bumping,fee-estimation,fee-floor,fee-rate-escalation,fee-sniping,full-rbf,transaction,transaction-fee
replay-attack	double-spend,double-spend-relay,eavesdropping-attack,eclipse-attack,griefing-attack,jamming-attack-ln,race-attack,reorg-reorganization,spv-simplified-payment-verification
rescue-transaction	
resource-exhaustion-attack	eclipse-attack,fee-sniping,griefing-attack
retail-mining	asic-application-specific-integrated-circuit,cpu-mining,dyson-sphere-mining,energy-fud,geographic-mining-distribution,hidden-miner,hidden-miner-tax,hybrid-mining,merged-mining,pop-mining,mining,mining-pool,mining-centralization,mining-colocation,mining-centralization,mining-rig,mining-software,phone-mining,revenue-ths,revenue-ths
revenue-ths	difficulty,halving-halvening,hash-fever,hash-rate,hash-rate-derivative,hashlet,hashpool,miner,miner-capitulation,mining,mining-pool,mining-algorithm,mining-colocation,mining-subsidy,pooled-mining,retail-mining
reverse-engineering	
reward-era	
ring-verification	fraud-proof
routing-node	
rpc-whitelist	api-application-programming-interface,exchange-api-key,oracle-based-betting
rug-pull	
safe-mode-bitcoin-core	bitcoin-client,bitcoin-core,bitcoin-knots,corrupted-chain-state
satoshi-unit	bitcoin-pizza-day,satoshi-nakamoto,transaction
satoshi-nakamoto	bitcoin-pizza-day,genesis-block,genesis-keys,hal-finneys-running-bitcoin,satoshi-unit,whitepaper
schnorr-signature	bip-341-taproot,bip-342-tapscript,ecdsa-elliptic-curve-digital-signature-algorithm,elliptic-curve,mono-signature,musig,musig2,partially-signed-bitcoin-transaction-psbt,signature-aggregation,signature-clipping,taproot
script	bitcoin-script,checktemplateverify-ctv,covenants,op-code-operation-code,opreturn,scriptless-scripts
scriptless-scripts	bitcoin-script,checktemplateverify-ctv,covenants,gzen-generalized-zen,op-code-operation-code,script
second-layer	
security	address-reuse,air-gapped,bitcoin-inheritance-planning,bitcoin-vault,counterparty-risk,cpu-mining,eavesdropping-attack,eclipse-attack,fungibility,genesis-keys,green-address,hardware-seed-vault,hardware-security-module-hsm,hardware-wallet,inheritance-seed-backup,key-rotation,key-split,key-wiping,kyc-know-your-customer,merchant-adoption,oracle-based-betting,proof-keys,seed-entropy-mixer,seed-phrase,seed-tool,stealth-address,submarine-swap,wallet,watch-only-wallet
seed-entropy-mixer	deterministic-wallet,entropy-mixing-party,hd-wallet-hierarchical-deterministic-wallet,hierarchical-deterministic-wallet,seed-phrase,seed-tool,security
seed-phrase	bip-44,bip-85,bitcoin-inheritance-planning,chaincode,deterministic-wallet,entropy-mixing-party,hardware-seed-vault,hardware-wallet,hd-wallet-hierarchical-deterministic-wallet,hierarchical-deterministic-wallet,inheritance-seed-backup,seed-entropy-mixer,seed-tool,security
seed-tool	entropy-mixing-party,hd-wallet-hierarchical-deterministic-wallet,hierarchical-deterministic-wallet,seed-entropy-mixer,seed-phrase,security
shielded-coinjoin	coin-plasma,coinjoin,fungibility,gadget-utxo,mixing-service,payjoin,stealth-address,stealth-address
sibling-transaction	
sidechain	one-way-peg
sighash	
sighashanyonecanpay	
sighashsingle	
signature-aggregation	elliptic-curve,mono-signature,musig,musig2,schnorr-signature,signature-clipping,taproot
signature-clipping	elliptic-curve,mono-signature,musig,musig2,schnorr-signature,signature-aggregation,taproot
signet	
silent-payments	address,address-derivation-path,address-reuse,fungibility,stealth-address,stealth-address
soft-fork	bip-bitcoin-improvement-proposal,bip-9-versionbits,bip-91,bip-148-uasf,chain-split,consensus-parameter,deployment-threshold-soft-fork,locked-period-soft-fork
spv-simplified-payment-verification	adaptive-block-filter,bip-37,bip-158,bitcoin-client,chain-analysis,eclipse-attack,full-validation,merkle-root,race-attack,replay-attack
stale-block	block-propagation,blockchain,chain-split,reorg-reorganization
state-channel	
static-channel-backup-scb	
stealth-address	address-reuse,coin-plasma,coinjoin,fungibility,gzen-generalized-zen,key-rotation,mixing-service,payjoin,security,shielded-coinjoin,silent-payments
submarine-swap	atomic-multi-path-payment-amp,atomic-swap,atomic-swap-refill,bridge-node-lightning,hash-locktime-contract-hlc,htlc-hashed-time-locked-contract,lightning-network,lightning-payment,payment-channel,security
taproot	bip-341-taproot,bip-341-taproot,bip-342-tapscript,merkleized-abstract-syntax-tree-mast,schnorr-signature,signature-aggregation,signature-clipping
testnet	
time-locked-contract	absolute-locktime,bip-65-opchecklocktimeverify,bip-68-relative-locktime,bip-113,checklocktimeverify-cltv,checksequenceverify-csv,locktime,mtp-median-time-past,nlocktime,nsequence
tor-hidden-service	hidden-service-node,i2p-invisible-internet-project,lightning-node,onion-routing-lightning
transaction	absolute-fee,accelerator,batch-transaction,bip-174-psbt,coin-age,coin-control,coinbase-transaction,consolidation-transaction,double-spend,double-spend-relay,fee-bumping,fee-estimation,fee-floor,fee-rate-escalation,fee-sniping,full-rbf,gadget-utxo,nlocktime,nsequence,replace-fee-rbf,satoshi-unit,transaction-chaining,transaction-fee,transaction-index-txindex,utxo-unspent-transaction-output
transaction-chaining	consolidation-transaction,incremental-batching,transaction,transaction-fee
transaction-fee	absolute-fee,accelerator,bip-125-replace-fee,coinbase-transaction,fee-bumping,fee-estimation,fee-floor,fee-rate-escalation,fee-sniping,full-rbf,incremental-batching,mining-subsidy,replace-fee-rbf,transaction,transaction-chaining
transaction-finality	
transaction-index-txindex	block-explorer,chain-analysis,transaction,utxo-unspent-transaction-output
vanity-address	address,b32-address,utxo-unspent-transaction-output
volatility	bear-market,bull-market,dca-dollar-cost-averaging,exchange,fiat,futures,hodl,hodl-waves,market-capitalization,market-depth,merchant-adoption,paper-hands,price-discovery,price-floor-btc,price-slippage
wallet	bitcoin-client,bitcoin-dev-kit-bdk,bitcoin-vault,coin-control,custodial-lightning-wallet,custodial-wallet,deterministic-wallet,garlium,green-address,gui-wallet,hardware-wallet,hdm-multi-signature-hd-wallet,hierarchical-deterministic-wallet,hierarchical-multisig,security,wallet-import-format-wif,watch-only-wallet
wallet-import-format-wif	garlium,gui-wallet,hd-wallet-hierarchical-deterministic-wallet,hierarchical-deterministic-wallet,wallet,watch-only-wallet
watch-only-wallet	custodial-lightning-wallet,custodial-wallet,deterministic-wallet,garlium,gui-wallet,hd-wallet-hierarchical-deterministic-wallet,hierarchical-deterministic-wallet,security,wallet,wallet-import-format-wif
whitepaper	bitcoin-pizza-day,genesis-block,hal-finneys-running-bitcoin,satoshi-nakamoto
wumbo-channels-lightning	lightning-channel,lightning-channel-capacity,lightning-channel-splicing,lightning-network,lightning-node
xpub-extended-public-key	bip-44,bip-85,chaincode,deterministic-wallet,hd-wallet-hierarchical-deterministic-wallet,hierarchical-deterministic-wallet,public-key
zkcp-zero-knowledge-contingent-payment	gzen-generalized-zen,hash-locktime-contract-hlc,hash-puzzle,htlc-hashed-time-locked-contract
